mp-13798,126,127,19,19,11,81,9,9,9,9,9,9
mp-13800,126,127,55,55,11,81,9,9,9,9,9,9
mp-13898,126,127,55,55,11,49,9,9,9,9,9,9
mp-13907,126,127,48,50,9,9,9,9,9,9
mp-13925,126,127,55,55,11,39,9,9,9,9,9,9
mp-13948,126,127,55,55,72,9,9,9,9,9,9
mp-13949,126,127,48,31,31,52,52,52,52
mp-13984,126,127,48,46,9,9,9,9,9,9
mp-13992,126,127,55,55,78,78,78,16,16,16,16
mp-14006,126,127,56,32,9,9,9,9,9,9
mp-14017,126,127,19,19,19,19,19,19,51,51
mp-14036,126,127,19,37,37,45,9,9,9,9,9,9
mp-14039,126,127,19,19,11,45,9,9,9,9,9,9
mp-14069,126,127,55,55,13,13,8,8,8,8
mp-14091,126,127,13,13,47,47,34,34,34,34
mp-14092,126,127,13,13,47,47,52,52,52,52
mp-14115,126,127,3,45,8,8
mp-14116,126,127,29,45,8,8
mp-1415,126,127,20,34
mp-14175,126,127,19,19,19,41,8,8,8,8,8,8,8,8
mp-14205,126,127,19,19,19,29,29,29,33,33
mp-14206,126,127,19,19,19,47,47,47,33,33
mp-14285,126,127,27,27,27,27,15,15,15,15,15,15,15,15
mp-14398,126,127,20,50,5,5,8,8,8,8,8,8
mp-14652,126,127,55,55,55,55,15,15,15,15,15,15
mp-1479,126,127,5,15
mp-1500,126,127,56,16
mp-15157,126,127,55,55,20,9,9,9,9
mp-1519,126,127,20,52
mp-1522,126,127,26,26,16,16,16,16
mp-15349,126,127,3,3,3,3,32,32,8,8,8,8,8,8
mp-1541,126,127,4,34
mp-1550,126,127,13,15
mp-15557,126,127,55,55,55,55,33,33,33,33,33,33
mp-15649,126,127,33,33,33,33,33,33,33,33,77,77,77,77
mp-15684,126,127,19,19,19,19,29,29,33,33
mp-1569,126,127,4,4,6
mp-15703,126,127,4,4,6,6,7,7,7,7
mp-15704,126,127,4,4,14,14,7,7,7,7
mp-15724,126,127,19,11,11,51
mp-15781,126,127,19,57,16,16
mp-15788,126,127,3,39,16,16
mp-15794,126,127,3,39,34,34
mp-15896,126,127,29,29,29,29,14,14,34,34,34,34,34,34
mp-1591,126,127,13,13,13,13,6,6,6
mp-15951,126,127,4,4,4,9,9,9,9,9,9
mp-15954,126,127,33,33,33,33,33,33,33,33,45,45,45,45
mp-15988,126,127,3,3,29,51
mp-15999,126,127,3,3,3,3,3,3,79,79,16,16,16,16
mp-160,126,127,5,5,5,5,5,5,5,5,5,5,5,5
mp-16236,126,127,19,19,47,47,34,34
mp-16264,126,127,3,3,3,3,20,20,20,20,51,51,51,51
mp-16337,126,127,31,31,80,52,52,52,52
mp-1639,126,127,5,7
mp-16577,126,127,3,3,20,72,9,9,9,9,9,9,9,9
mp-1672,126,127,20,16
mp-16742,126,127,56,56,47,47,52,52,9,9
mp-16763,126,127,19,39,52,52
mp-1700,126,127,13,7
mp-1747,126,127,19,19,52
mp-1778,126,127,4,8
mp-1784,126,127,55,9
mp-1794,126,127,4,8
mp-181,126,127,19,19,19,31,31,31,31,31,31,31,31,31
mp-1960,126,127,3,3,8
mp-1968,126,127,57,57,8,8,8
mp-19734,126,127,12,82,9,9,9,9,9,9
mp-19765,126,127,49,49,80,52,52,52,52
mp-19795,126,127,49,49,49,49,16,16,16,16
mp-19799,126,127,56,82,9,9,9,9,9,9
mp-19833,126,127,49,49,47,47,16,16,16,16
mp-19851,126,127,19,19,49,49,52,52,52,52
mp-20015,126,127,33,33,82,8,8,8,8,8,8
mp-20027,126,127,26,26,15,15,15,15
mp-20072,126,127,57,29,8,8
mp-2008,126,127,26,26,33,33,33,33
mp-20098,126,127,56,56,82,8,8,8,8
mp-20187,126,127,3,3,49,49,34,34,34,34
mp-20210,126,127,47,47,47,47,82,82,8,8,8,8
mp-20256,126,127,19,19,19,19,19,19,49,49,15,15,15,15
mp-20282,126,127,55,55,82,82,9,9,9,9,9,9
mp-20329,126,127,49,49,47,47,8,8,8,8
mp-20351,126,127,49,15
mp-20352,126,127,56,56,56,49,49,8,8,8,8,8,8
mp-20463,126,127,20,82,9,9,9,9,9,9
mp-20620,126,127,56,56,41,49,8,8,8,8,8,8
mp-2072,126,127,19,19,19,19,52,52,52,52
mp-20731,126,127,49,49,80,34,34,34,34
mp-2074,126,127,3,3,3,51
mp-20782,126,127,3,3,49,49,52,52,52,52
mp-20790,126,127,49,15,16,16,16,16
mp-20817,126,127,32,32,32,32,78,78,78,78,34,34,34,34
mp-21374,126,127,48,49,49,52,52,52,52
mp-2150,126,127,56,56,52,52,52,52
mp-21510,126,127,19,19,19,19,11,11,49,49,33,33,33,33
mp-21511,126,127,19,19,19,19,11,11,49,49,15,15,15,15
mp-2172,126,127,13,33
mp-22261,126,127,49,49,29,29,52,52,52,52
mp-223,126,127,32,32,32,8,8,8,8,8,8
mp-22304,126,127,48,49,49,34,34,34,34
mp-22323,126,127,49,49,49,49,8,8,8,8,8,8
mp-22450,126,127,3,3,3,3,82,82,8,8,8,8,8,8
mp-2251,126,127,3,3,3,7
mp-22583,126,127,19,49,15,15,16,16,16,16,16,16,16
mp-22660,126,127,49,47,8,8
mp-2286,126,127,3,3,34
mp-22865,126,127,55,17
mp-22888,126,127,20,20,35,35,35,35
mp-22894,126,127,47,47,53,53
mp-22895,126,127,29,29,29,29,53,53,53,53
mp-22896,126,127,57,57,17,17,17,17,17,17
mp-27999,126,127,19,19,19,19,19,29,51,51
mp-28020,126,127,13,13,29,29,17,17,17,17,17,17,17,17
mp-28069,126,127,20,20,20,33,17,17,17
mp-28075,126,127,19,19,22,22,8,8,8,8,8
mp-28111,126,127,19,19,19,19,19,19,7,7,8,8,8,8,8,8
mp-28171,126,127,19,19,19,53,8
mp-28270,126,127,19,19,19,19,29,29,29,29,16,16,16,16
mp-28295,126,127,55,55,53,53,8,8,8,8,8,8
mp-28302,126,127,19,19,19,19,48,15,15
mp-28377,126,127,55,32,53,53,53
mp-28423,126,127,31,31,31,31,52,52,34,34,34,34
mp-28453,126,127,55,55,79,79,53,53,53,53,53,53
mp-2853,126,127,31,7
mp-28553,126,127,20,20,20,20,53,53,7,7
mp-28554,126,127,20,20,33,53
mp-28626,126,127,57,57,57,57,57,57,57,57,16,16,16,16,16,16,16,16,8,8,8,8,8,8,8,8
mp-28627,126,127,19,19,19,19,35,35,8
mp-28650,126,127,55,35,35,9
mp-28873,126,127,55,35,8,8,8
mp-28994,126,127,19,19,3,3,3,3,33,33
mp-29025,126,127,3,3,3,3,3,35,35,7
mp-29055,126,127,19,19,51,51,51,51
mp-29138,126,127,19,19,79,79,34,34,34,34
mp-29149,126,127,3,3,3,3,7,17
mp-29151,126,127,3,3,3,3,3,7,17,17
mp-29163,126,127,47,47,47,47,52,52,16,16,16,16,16,16
mp-2920,126,127,57,57,13,13,8,8,8,8,8,8
mp-29208,126,127,20,12,12,83,83
mp-29209,126,127,56,12,12,83,83
mp-29266,126,127,55,55,16,16
mp-29342,126,127,20,20,20,15,17,17,17
mp-29364,126,127,3,3,3,3,3,51,8,8,8,8,8
mp-29396,126,127,29,29,29,29,82,82,8,8,8,8
mp-29398,126,127,55,55,72,53,53,53,53,53,53
mp-29403,126,127,31,29,53,53,53,53
mp-29463,126,127,3,3,3,3,4,4,4,4,7,7,7,7
mp-29484,126,127,19,19,19,19,80,33,33
mp-29506,126,127,55,55,83,83,8,8,8,8
mp-29584,126,127,19,19,19,19,4,33,33
mp-29585,126,127,19,19,19,19,48,33,33
mp-29678,126,127,47,83,16,16
mp-29750,126,127,55,55,12,12,35,35,35,35,35,35
mp-29751,126,127,55,55,12,12,53,53,53,53,53,53
mp-30056,126,127,55,20,35,35,35
mp-30062,126,127,55,55,78,35,35,35,35,35,35
mp-30315,126,127,20,20,20,5,7,7,7
mp-3038,126,127,13,13,80,34,34,34,34
mp-304,126,127,20,20,20,20,20,20,20,20,32,32,32,32
mp-3042,126,127,19,19,14,9,9,9,9,9,9
mp-3054,126,127,3,3,3,3,6,6,8,8,8,8,8,8
mp-3074,126,127,19,19,19,19,47,47,47,47,8,8,8,8
mp-3078,126,127,48,48,14,14,33,33,33,33
mp-3098,126,127,13,13,29,29,8,8,8,8
mp-30988,126,127,19,19,83,83,8,8,8,8
mp-3104,126,127,56,56,40,40,7,7,7,7
mp-31149,126,127,20,20,20,83,7
mp-31212,126,127,19,19,12,9,9,9,9
mp-31235,126,127,56,56,56,11,11,11,83,83,83
mp-3125,126,127,19,19,19,30,30,9,9,9,9,9,9,9
mp-31468,126,127,3,3,3,3,20,20,20,20,7,7,7,7
mp-3159,126,127,13,13,48,34,34,34,34
mp-3163,126,127,56,50,8,8,8
mp-3167,126,127,80,80,32,34,34,34,34
mp-3216,126,127,3,3,40,7,7
mp-3247,126,127,55,55,55,55,22,22,16,16,16,16,16,16
mp-32616,126,127,31,31,31,31,16,16,16,16,16,16
mp-3277,126,127,5,33,8,8,8,8
mp-3288,126,127,55,55,55,7,7,7,8,8,8,8,8,8
mp-32880,126,127,29,35
mp-33526,126,127,3,3,83,83,16,16,16,16
mp-33588,126,127,20,20,20,20,7,7,9,9
mp-3359,126,127,56,56,50,8,8,8,8
mp-34126,126,127,29,29,29,29,50,15,15,15,15,15,15,15,15,15,15
mp-3427,126,127,3,3,3,3,13,13,13,13,8,8,8,8,8,8,8,8
mp-34293,126,127,55,55,73,73,7,7,7,7
mp-3448,126,127,19,12,9,9,9
mp-3481,126,127,19,19,50,50,33,33
mp-3486,126,127,19,19,50,50,51,51
mp-34932,126,127,20,1,7
mp-3524,126,127,3,3,15,15,7,7,7,7
mp-35777,126,127,12,49,49,52,52,52,52
mp-3589,126,127,5,15,8,8,8,8
mp-36111,126,127,3,12,15
mp-3614,126,127,19,73,8,8,8
mp-3666,126,127,3,3,73,73,8,8,8,8,8,8
mp-3668,126,127,48,48,32,32,15,15,15,15
mp-370,126,127,48,16
mp-3700,126,127,3,3,39,39,9,9,9,9,9,9,9,9
mp-37153,126,127,47,33,9,9,9,9,9,9
mp-37216,126,127,48,82,9,9,9,9,9,9
mp-3731,126,127,3,3,3,3,3,3,3,3,41,41,41,41,41,41,41,41,8,8,8,8,8,8,8,8,8,8,8,8,8,8,8,8,8,8,8,8,8,8,8,8
mp-3748,126,127,13,29,8,8
mp-3772,126,127,48,31,31,34,34,34,34
mp-37906,126,127,3,12,7
mp-38011,126,127,19,1,16
mp-3810,126,127,80,33,33,8,8,8,8,8,8
mp-38117,126,127,56,31,31,52,52,52,52
mp-3813,126,127,56,56,40,16,16,16,16
mp-3821,126,127,19,19,78,9,9,9,9,9,9
mp-3834,126,127,56,40,8,8,8
mp-3839,126,127,31,31,29,29,52,52,52,52
mp-384,126,127,12,12,15,15,15,15,15,15,15,15
mp-38970,126,127,31,31,31,31,52,52,52,52,52,52
mp-3915,126,127,56,80,8,8
mp-3924,126,127,3,3,41,41,8,8,8,8
mp-3953,126,127,20,20,6,6,8,8,8,8,8,8
mp-3970,126,127,19,19,22,9,9,9,9,9,9
mp-3980,126,127,3,51,9,9,9,9,9,9
mp-3982,126,127,19,19,29,29,8,8,8,8
mp-4002,126,127,3,3,40,9,9,9,9,9,9
mp-4009,126,127,56,56,46,46,16,16,16,16
mp-4047,126,127,55,55,14,9,9,9,9,9,9
mp-406,126,127,48,52
mp-4124,126,127,20,6,7,7
mp-4156,126,127,3,3,3,3,40,40,8,8,8,8,8,8
mp-4187,126,127,32,32,32,32,7,7,7,7,8,8
mp-4190,126,127,20,20,50,50,8,8,8,8,8,8
mp-422,126,127,4,16
mp-4236,126,127,56,56,56,30,30,30,8,8,8,8,8,8
mp-4280,126,127,31,29,8,8
mp-4342,126,127,19,41,8,8,8
mp-4385,126,127,48,48,6,6,8,8,8,8,8,8
mp-4406,126,127,20,20,16,16,8,8,8,8,8,8,8,8
mp-4452,126,127,48,31,31,16,16,16,16
mp-4495,126,127,19,19,3,3,52,52
mp-4511,126,127,57,57,16,8,8
mp-4547,126,127,57,57,52,8,8
mp-4555,126,127,20,33,33,8,8,8,8,8,8
mp-4586,126,127,3,3,13,13,52,52,52,52
mp-4609,126,127,72,72,14,14,8,8,8,8,8,8,8,8
mp-4627,126,127,27,27,27,27,33,33,33,33,16,16,16,16
mp-463,126,127,19,9
mp-4666,126,127,48,48,14,14,15,15,15,15
mp-468,126,127,13,13,9,9,9,9,9,9
mp-4690,126,127,19,19,19,73,8,8,8,8,8,8,8,8
mp-470,126,127,32,32,8,8,8,8
mp-4782,126,127,20,50,9,9,9,9,9,9
mp-4809,126,127,31,31,80,16,16,16,16
mp-487,126,127,25,25,15,15,15,15,15,15,15,15
mp-4979,126,127,13,13,29,29,16,16,16,16
mp-5012,126,127,3,3,3,3,14,14,8,8,8,8,8,8
mp-5020,126,127,56,22,8,8,8
mp-5038,126,127,55,55,31,31,16,16,16,16
mp-504535,126,127,49,49,1,1,8,8,8,8
mp-5046,126,127,4,16,8,8,8,8
mp-504729,126,127,55,55,46,9,9,9,9,9,9
mp-5048,126,127,3,3,31,31,52,52,52,52
mp-504838,126,127,55,55,15,15,16,16,16,16,16,16
mp-505634,126,127,55,55,55,55,52,52,52,52,52,52
mp-505825,126,127,55,55,78,6,6
mp-5061,126,127,3,3,3,3,3,75,8,8,8,8,8,8
mp-510268,126,127,55,55,46,46,46,16,16,16,16
mp-510273,126,127,55,55,51,51,8,8,8,8
mp-5127,126,127,3,3,3,3,29,29,29,29,8,8,8,8
mp-5213,126,127,48,48,50,50,15,15,15,15
mp-5238,126,127,31,31,29,29,16,16,16,16
mp-5280,126,127,49,49,32,32,8,8,8,8,8,8,8
mp-5295,126,127,57,57,41,41,8,8,8,8,8,8,8,8
mp-5339,126,127,55,55,11,11,52,52
mp-5342,126,127,31,31,47,47,16,16,16,16
mp-5348,126,127,12,12,6,6,8,8,8,8,8,8
mp-5380,126,127,20,20,20,20,15,15,8
mp-539,126,127,31,31,31,31,16,16,16,16,16,16
mp-5394,126,127,57,57,16,16,9,9
mp-540584,126,127,19,19,46,8,8
mp-540703,126,127,55,55,55,55,55,55,55,55,16,16,16,16
mp-540957,126,127,55,55,52,53,53,53,53,53,53
mp-541037,126,127,55,55,29,29,8,8
mp-541044,126,127,55,55,39,39,8,8,8,8
mp-541226,126,127,55,35,9,9,9,9,9,9
mp-541899,126,127,55,55,48,48,35,35,35,35,35,35
mp-5427,126,127,12,12,15,15,8,8,8,8,8,8,8
mp-543024,126,127,55,55,46,53,53,35,35,35,35
mp-5431,126,127,56,56,52,52,8,8,8,8,8,8
mp-545359,126,127,19,11,11,29,8,8
mp-545500,126,127,56,56,51,51,17,17,8,8,8,8
mp-545544,126,127,56,56,73,83,8,8,8,8,8,8
mp-547792,126,127,19,19,51,51,8,8,8,8,8,8
mp-5488,126,127,3,3,49,49,8,8,8,8
mp-549589,126,127,57,57,30,30,33,33,8,8
mp-549737,126,127,56,56,20,5,5,8,8,8,8,8,8
mp-550685,126,127,56,56,20,52,8,8,8,8,8,8
mp-550751,126,127,56,4,14,8,8,8,8
mp-551092,126,127,19,19,3,3,30,30,8,8,8,8
mp-551243,126,127,56,56,83,83,53,53,8,8,8,8
mp-551269,126,127,56,56,57,51,8,8,8,8,8,8
mp-551456,126,127,56,56,29,17,8,8
mp-5518,126,127,31,31,47,47,34,34,34,34
mp-551835,126,127,56,56,56,56,53,53,53,53,8,8
mp-551873,126,127,20,20,20,20,83,83,8
mp-552488,126,127,57,57,29,29,34,34,8,8
mp-552663,126,127,3,21,33,33,8,8,8,8,8,8,8
mp-552806,126,127,56,56,83,83,17,17,8,8,8,8
mp-552934,126,127,56,56,29,35,8,8
mp-553025,126,127,20,20,83,83,17,17,8,8,8,8
mp-553281,126,127,56,56,57,41,8,8,8,8,8,8
mp-553303,126,127,55,29,29,29,8,8
mp-553310,126,127,55,55,29,29,8,8,8,8
mp-553342,126,127,55,4,4,5,8,8,8,9,9
mp-553374,126,127,55,55,55,55,51,51,8,8,8,8,8
mp-554155,126,127,19,51,15,15,8,8,8,8,8,8,8,8
mp-554941,126,127,19,37,37,83,9,9,9,9,9,9
mp-555166,126,127,56,47,47,50,16,16,16,16
mp-555286,126,127,55,41,15,15,8,8,8,8,8,8,8,8
mp-555874,126,127,3,3,33,33,16,16,16,16
mp-556405,126,127,57,57,6,6,7,7,7,7,9,9
mp-556866,126,127,47,47,47,47,80,80,16,16,53,53,53,53
mp-557664,126,127,55,55,81,83,9,9,9,9,9,9
mp-558118,126,127,4,4,4,9,9,9,9,9,9
mp-558430,126,127,56,5,5,9,9,9,9,9,9,9,9
mp-5588,126,127,56,14,9,9,9,9,9,9
mp-559695,126,127,55,55,37,83,9,9,9,9,9,9
mp-560558,126,127,55,55,48,48,79,79,16,16,16,16
mp-560790,126,127,55,55,11,83,9,9,9,9,9,9
mp-560791,126,127,55,55,11,11,22,22,8,8,8,8,8,8
mp-561561,126,127,55,55,19,45,9,9,9,9,9,9
mp-561586,126,127,55,57,16,16
mp-561710,126,127,55,55,50,50,16,16,16,16,16,16
mp-5618,126,127,12,12,33,33,8,8,8,8,8,8,8
mp-561827,126,127,55,55,55,81,9,9,9,9,9,9
mp-561902,126,127,55,55,47,47,47,47,47,47,16,16,16,16
mp-561947,126,127,55,80,9,9,9
mp-1000,126,127,56,52
mp-1002124,126,127,72,6
mp-1002164,126,127,32,6
mp-10044,126,127,5,33
mp-1008223,126,127,20,34
mp-1008506,126,127,56,31,14,1
mp-1008556,126,127,13,31,7,7
mp-1008559,126,127,5,5,15,15
mp-1008786,126,127,12,52
mp-1009009,126,127,3,9
mp-1009082,126,127,12,12,50,50,33,33,33,33
mp-1009084,126,127,4,4,50,50,33,33,33,33
mp-1009085,126,127,4,4,14,14,15,15,15,15
mp-1009087,126,127,4,4,14,14,33,33,33,33
mp-1009088,126,127,4,4,32,32,33,33,33,33
mp-1009127,126,127,12,8
mp-1009129,126,127,12,8
mp-1009220,126,127,11,1
mp-1009540,126,127,76,6
mp-1009733,126,127,20,20,14
mp-1011695,126,127,55,55,34
mp-10159,126,127,19,19,19,51
mp-10163,126,127,11,11,13,13,52,52,52,52
mp-10167,126,127,11,11,11,51,16,16,16,16
mp-1018040,126,127,12,12,34,34
mp-1018096,126,127,56,56,7,9
mp-1018100,126,127,13,13,51,51
mp-10182,126,127,3,30,15
mp-1020019,126,127,3,3,3,3,15,15,7,7,8,8,8,8
mp-1020059,126,127,3,3,32,32,32,32,7,7,7,7,7,7
mp-1022,126,127,19,19,16
mp-10223,126,127,11,11,11,11,46,46,16,16,16,16
mp-10226,126,127,11,39,16,16
mp-10246,126,127,11,11,11,11,78,78,16,16,16,16
mp-10250,126,127,56,3,9,9,9
mp-10289,126,127,20,20,5,5,5,5,6,6,6,6
mp-1029,126,127,56,9,9
mp-10322,126,127,56,56,72,72,7,7,7,7
mp-10336,126,127,56,56,39,39,29,29,52,52,52,52,52,52
mp-10378,126,127,55,55,55,51
mp-10381,126,127,19,19,19,19,29,29,51,51
mp-1039,126,127,12,12,52,52
mp-10408,126,127,19,19,6,7,7
mp-10417,126,127,19,19,51,51,8,8,8,8
mp-10474,126,127,11,15,9,9,9,9,9,9
mp-10485,126,127,56,56,3,3,51,51
mp-10572,126,127,11,11,15,15,7,7,7,7
mp-10615,126,127,56,3,15
mp-10616,126,127,56,3,33
mp-10680,126,127,56,34
mp-1070,126,127,48,48,34,34
mp-10760,126,127,12,34
mp-10776,126,127,19,19,50,33,33,16,16,16,16,16,16
mp-10969,126,127,48,6,7,7
mp-11019,126,127,31,31,29,29,8,8,8,8
mp-11020,126,127,31,31,47,47,8,8,8,8
mp-1105,126,127,56,8,8
mp-11123,126,127,55,55,39,39,80,80,34,34,34,34,34,34
mp-11175,126,127,3,30,15,16,16,16,16
mp-11265,126,127,56,56,56,56,20,20,20,20,50,50,50,50
mp-1138,126,127,3,9
mp-1143,126,127,13,13,13,13,8,8,8,8,8,8
mp-1153,126,127,3,3,16
mp-11659,126,127,56,22,5,5,8,8,8,8,8,8
mp-11674,126,127,13,13,13,13,34,34,34,34,34,34
mp-11703,126,127,19,19,51,51,16,16,16,16
mp-11715,126,127,12,50,5,5,8,8,8,8,8,8
mp-11719,126,127,19,19,19,19,30,15,15
mp-11739,126,127,19,57,52,52
mp-11824,126,127,20,20,20,15,7
mp-11869,126,127,72,50,46
mp-11917,126,127,12,4,4,7,7
mp-11918,126,127,20,20,4,4,4,4,7,7,7,7
mp-12015,126,127,19,47,47,33,8,8,8,8
mp-12385,126,127,56,56,39,73,8,8,8,8,8,8
mp-1243,126,127,31,31,31,31,8,8,8,8,8,8
mp-12442,126,127,19,79,9,9,9,9,9,9
mp-1249,126,127,12,12,9,9,9,9
mp-12491,126,127,55,55,57,57,48,48,52,52,52,52,52,52
mp-1253,126,127,56,34
mp-12532,126,127,19,47,47,15,16,16,16,16
mp-12535,126,127,19,19,19,19,30,30,52,52,52,52
mp-12558,126,127,3,12,33
mp-12623,126,127,56,56,46,46,9,9,9,9,9,9,9,9
mp-1265,126,127,12,8
mp-1266,126,127,11,11,34
mp-12779,126,127,48,48,52,52
mp-12814,126,127,56,56,56,56,56,56,51,51,7,7
mp-1287,126,127,19,19,19,19,19,19,16,16,16,16,16,16
mp-12885,126,127,56,13,13,51,51,8,8,8,8,8,8,8
mp-12927,126,127,56,56,4,4,4,4,7,7,7,7
mp-12954,126,127,29,29,5,5,16,16,16,16
mp-13031,126,127,12,34
mp-13032,126,127,12,16
mp-13033,126,127,12,52
mp-13055,126,127,56,56,57,73,8,8,8,8,8,8
mp-13056,126,127,56,56,57,73,8,8,8,8,8,8
mp-13097,126,127,11,11,30,30,33,33
mp-13133,126,127,19,19,19,19,22,22,8,8,8,8,8,8
mp-1315,126,127,12,16
mp-13190,126,127,19,37,37,31,9,9,9,9,9,9
mp-13275,126,127,11,11,11,38,38,38,15,15,15
mp-13277,126,127,56,56,3,3,15,15
mp-13287,126,127,56,56,29,29,52,52,9,9
mp-1330,126,127,13,7
mp-13356,126,127,56,56,38,52,8,8,8,8,8,8
mp-1340,126,127,31,31,31,31,34,34,34,34,34,34
mp-1342,126,127,56,8
mp-1345,126,127,20,20,20,20,20,20,15,15,15,15,15,15
mp-13548,126,127,55,55,55,55,78,78
mp-13660,126,127,20,20,20,20,51,51,8
mp-1367,126,127,12,12,14
mp-7100,126,127,57,57,8,8,9,9
mp-7104,126,127,55,20,9,9,9
mp-7128,126,127,48,33,33,8,8,8,8,8,8
mp-7148,126,127,19,19,38,73,73,8,8,8,8,8,8,8
mp-7188,126,127,13,13,76
mp-7232,126,127,55,55,80,8,8
mp-7233,126,127,57,57,34,8,8
mp-7251,126,127,56,56,39,41,8,8,8,8,8,8
mp-7297,126,127,55,55,50,9,9,9,9,9,9
mp-733,126,127,32,32,32,8,8,8,8,8,8
mp-736,126,127,3,3,3,3,3,3,15,15
mp-7374,126,127,56,56,29,29,29,29,8,8,8,8
mp-7375,126,127,19,41,8,8,8
mp-7392,126,127,11,11,11,11,47,47,51,51
mp-7394,126,127,56,47,47,32,16,16,16,16
mp-7421,126,127,19,19,30,30,33,33
mp-7436,126,127,19,19,29,29,52,52
mp-7437,126,127,19,19,30,30,15,15
mp-7438,126,127,19,19,30,30,51,51
mp-7439,126,127,19,19,19,29,29,29,15,15
mp-7449,126,127,55,55,55,55,34,34,34,34,34,34
mp-7505,126,127,19,19,19,19,15,15,15,15,46,46
mp-753098,126,127,3,29,9,9
mp-753260,126,127,57,47,8,8
mp-753287,126,127,20,48,8,8
mp-753946,126,127,3,3,27,27,16,16,16,16
mp-754212,126,127,56,38,38,53,53,53,53,53,53
mp-754329,126,127,48,48,50,50,8,8,8,8,8,8
mp-754363,126,127,56,56,72,8,8,8,8
mp-754535,126,127,57,57,47,47,8,8,8,8
mp-7547,126,127,56,56,34,34,34,34
mp-7548,126,127,56,56,34,34,34,34,34,34
mp-754826,126,127,55,55,21,21,8,8,8,8
mp-755013,126,127,3,3,3,3,3,73,8,8,8,8,8
mp-755287,126,127,20,20,20,48,8,8,8,8
mp-755309,126,127,3,3,3,41,16,16,16,16
mp-755478,126,127,48,48,83,83,8,8,8,8,8,8
mp-755895,126,127,56,56,56,40,40,8,8,8,8,8,8,8
mp-7566,126,127,49,49,15,15,8,8,8,8,8,8,8,8
mp-7569,126,127,19,33,9,9,9,9,9,9
mp-757,126,127,3,3,3,3,3,3,33,33
mp-7572,126,127,12,12,16,16,8,8,8,8,8,8,8,8
mp-7575,126,127,3,30,7
mp-7581,126,127,42,34,34
mp-760,126,127,26,26,34,34,34,34
mp-760375,126,127,3,3,3,23,16,16,16,16
mp-7604,126,127,12,12,12,7,9,9,9
mp-7608,126,127,3,3,46,8,8
mp-7610,126,127,3,3,20,14,8,8,8,8
mp-7611,126,127,3,3,20,32,8,8,8,8
mp-7618,126,127,55,55,55,39,9,9,9,9,9,9
mp-7622,126,127,19,19,16,16,8,8,8,8,8,8,8,8
mp-7642,126,127,19,19,19,19,47,47,33,33
mp-7643,126,127,19,19,19,19,47,47,51,51
mp-766,126,127,33,33,33,33,44,44
mp-7667,126,127,19,19,19,19,16,16,16,16,16,16
mp-7670,126,127,19,19,19,19,34,34,34,34,34,34
mp-768368,126,127,19,19,19,19,53,53,8
mp-770932,126,127,3,3,51,51,8,8,8,8,8,8
mp-772290,126,127,3,3,3,3,47,47,47,47,8,8,8,8
mp-773137,126,127,19,19,20,20,83,83
mp-7738,126,127,57,57,34,34,9,9
mp-774907,126,127,19,3,30,16,16
mp-776532,126,127,72,72,8,8,8,8
mp-7773,126,127,11,11,11,11,33,33,79,79
mp-7786,126,127,55,29,29,29,16,16
mp-7801,126,127,20,20,32,32,7,7,7,7
mp-7808,126,127,56,56,15,15,15,15,15,15
mp-7825,126,127,19,19,32,9,9,9,9,9,9
mp-7848,126,127,13,15,8,8,8,8
mp-7849,126,127,13,33,8,8,8,8
mp-7886,126,127,55,55,37,39,9,9,9,9,9,9
mp-7891,126,127,12,12,12,33,33
mp-7896,126,127,55,55,8,8
mp-7903,126,127,55,55,40,9,9,9,9,9,9
mp-7906,126,127,13,13,80,16,16,16,16
mp-7907,126,127,13,13,30,34,34,34,34
mp-7908,126,127,13,13,30,52,52,52,52
mp-7909,126,127,13,13,48,52,52,52,52
mp-7910,126,127,13,13,80,52,52,52,52
mp-7911,126,127,19,19,19,19,29,29,29,29,8,8,8,8
mp-7921,126,127,12,46,9,9,9,9,9,9
mp-7922,126,127,20,46,9,9,9,9,9,9
mp-7928,126,127,19,19,78,16,16
mp-7936,126,127,3,3,41,41,16,16,16,16
mp-7938,126,127,19,19,41,41,16,16,16,16
mp-7940,126,127,19,19,41,41,34,34,34,34
mp-7955,126,127,3,3,3,3,3,3,51,51
mp-7958,126,127,19,57,8,8
mp-7979,126,127,19,19,46,9,9,9,9,9,9
mp-7988,126,127,55,55,8
mp-8016,126,127,13,13,29,29,34,34,34,34
mp-8017,126,127,13,13,29,29,52,52,52,52
mp-8039,126,127,13,9,9,9
mp-804,126,127,31,31,7,7
mp-8098,126,127,49,49,31,31,8,8,8,8,8,8
mp-8127,126,127,19,19,12,6,6,8,8,8,8,8,8
mp-8147,126,127,19,19,19,19,33,33,33,33,46,46
mp-8161,126,127,20,20,46,46,9,9,9,9,9,9,9,9
mp-8175,126,127,19,81,8,8
mp-8177,126,127,80,9,9
mp-8180,126,127,3,3,7,7,8,8,8,8,8,8
mp-8187,126,127,19,19,19,19,30,30,8,8,8,8
mp-8188,126,127,19,21,8,8
mp-8200,126,127,47,47,47,47,15,15,15,15,15,15,15,15
mp-8208,126,127,12,78,78,78,8,8,8,8,8,8
mp-8212,126,127,48,78,78,78,8,8,8,8,8,8
mp-8217,126,127,55,55,32,9,9,9,9,9,9
mp-8224,126,127,20,50,9,9,9,9,9,9
mp-8235,126,127,19,19,19,19,14,14,15,15,15,15
mp-8255,126,127,20,78,9,9,9,9,9,9
mp-567290,126,127,57,57,7,7
mp-567373,126,127,57,57,6,6,7,7,7,7,17,17
mp-567558,126,127,55,55,47,47,17,17,17,17
mp-567652,126,127,55,55,3,39,17,17,17,17,17,17
mp-567666,126,127,56,56,56,56,56,56,83,83,7,7
mp-567680,126,127,56,56,56,17,17,17,17,17,17
mp-567776,126,127,55,55,47,79,17,17,17,17,17,17
mp-567841,126,127,4,4,4,4,4,4,4,4,4,4,4,4,4,4,4,4,4,4,4,4,4,4,4,4,15,15,15,15,15,15,15,15,15,15,15,15,15,15,15,15
mp-567913,126,127,55,55,79,79,34,34,34,34,34,34
mp-568032,126,127,48,49,49,34,34,34,34
mp-568052,126,127,19,19,19,19,31,31,31,31,31,31
mp-568273,126,127,3,3,53,53
mp-568536,126,127,56,56,56,53,53,53,53,53,53
mp-568544,126,127,55,48,17,17,17
mp-568661,126,127,48,49,49,34,34,34,34
mp-568662,126,127,56,17,17
mp-568968,126,127,19,19,50,80,34,34,34,34
mp-569149,126,127,19,19,52,17,17,17,17,17,17
mp-569346,126,127,29,29,53,53
mp-569548,126,127,55,55,79,79,35,35,35,35,35,35
mp-569812,126,127,56,56,7,7,7,7,7,7,17,17
mp-570256,126,127,47,47,80,53,53,53,53
mp-570354,126,127,29,35
mp-5707,126,127,55,55,33,33,9,9,9,9,9,9,9,9
mp-570844,126,127,31,31,31,31,31,31,31,31,31,31,31,31,76,76,76,76
mp-570891,126,127,19,35
mp-570935,126,127,3,3,53,53
mp-571093,126,127,56,13,14,1
mp-571124,126,127,55,55,19,21,17,17,17,17,17,17
mp-571166,126,127,20,20,35,35,35,35
mp-571222,126,127,55,35
mp-571306,126,127,20,20,20,20,30,30,30,30,29,29,15,15,15,15,15,15
mp-571386,126,127,29,17
mp-571461,126,127,19,19,19,19,30,33,33
mp-571467,126,127,55,55,11,39,35,35,35,35,35,35
mp-573204,126,127,55,55,19,83,9,9,9,9,9,9
mp-573658,126,127,55,55,55,55,55,55,5,5,33,33,33,33
mp-573697,126,127,55,17
mp-573721,126,127,55,55,55,55,14,14,33,33,33,33
mp-573755,126,127,55,55,52,52,79,79
mp-573763,126,127,55,55,55,55,55,55,55,55,52,52,52,52
mp-574599,126,127,55,55,79,79,34,34
mp-5782,126,127,13,13,47,47,16,16,16,16
mp-5795,126,127,20,12,12,7,7
mp-581024,126,127,55,19,19,51
mp-5858,126,127,48,78,9,9,9,9,9,9
mp-5860,126,127,19,19,80,8,8
mp-5878,126,127,19,30,9,9,9
mp-588,126,127,31,31,9,9,9,9,9,9
mp-5928,126,127,13,13,48,16,16,16,16
mp-5986,126,127,56,22,8,8,8
mp-6058,126,127,19,19,11,21,9,9,9,9,9,9
mp-6059,126,127,55,55,19,39,9,9,9,9,9,9
mp-608555,126,127,55,55,50,17,17,17,17,17,17
mp-6088,126,127,57,57,29,29,16,16,8,8
mp-614603,126,127,55,53
mp-616378,126,127,55,55,50,50,53,53,53,53,53,53
mp-6204,126,127,55,55,11,21,9,9,9,9,9,9
mp-625136,126,127,55,55,1,1,8,8
mp-626724,126,127,57,57,1,1,8,8,8,8
mp-626785,126,127,19,19,1,1,8,8
mp-6270,126,127,56,56,3,75,8,8,8,8,8,8
mp-632319,126,127,55,1
mp-634676,126,127,19,19,1,1,16,16
mp-638729,126,127,55,55,40,17,17,17,17,17,17
mp-641923,126,127,55,55,50,35,35,35,35,35,35
mp-642648,126,127,19,19,15,15,1,1,1,1,8,8,8,8
mp-642725,126,127,20,20,1,1,17,17,8,8
mp-643243,126,127,55,55,1,1,1,1,1,1,78
mp-643257,126,127,19,19,1,1,1,1,46
mp-643264,126,127,56,12,12,26,1,1,1,1,1,1,1,1
mp-643279,126,127,19,19,1,1,1,1,1,1,78
mp-643370,126,127,56,56,12,1,1,1,1,1,1
mp-644203,126,127,55,20,1,1,1
mp-6450,126,127,19,19,19,19,3,3,13,13,15,15,15,15
mp-6459,126,127,20,12,6,6,8,8,8,8,8,8
mp-6492,126,127,56,56,39,51,8,8,8,8,8,8
mp-6494,126,127,19,19,20,6,6,8,8,8,8,8,8
mp-6560,126,127,19,19,16,16,8,8,8,8,9,9
mp-6586,126,127,19,19,11,13,9,9,9,9,9,9
mp-66,126,127,6,6
mp-661,126,127,13,13,7,7
mp-6613,126,127,56,56,39,73,8,8,8,8,8,8
mp-6654,126,127,55,55,3,31,9,9,9,9,9,9
mp-6660,126,127,56,56,11,11,5,5,8,8,8,8,8,8
mp-6686,126,127,19,19,11,49,9,9,9,9,9,9
mp-672,126,127,48,48,16,16
mp-675011,126,127,55,15,9,9,9,9,9,9
mp-676464,126,127,48,48,48,33,53,53,53
mp-676861,126,127,13,51,8,8,8,8
mp-677335,126,127,31,15,8,8,8,8
mp-6798,126,127,56,56,11,75,8,8,8,8,8,8
mp-684,126,127,56,56,16,16,16,16
mp-684580,126,127,47,53
mp-6867,126,127,19,20,6,8,8,8,9
mp-6870,126,127,19,4,4,5,8,8,8,9,9
mp-6920,126,127,19,7,8,8,8
mp-6929,126,127,20,20,33,33,8,8,8,8,8,8,8
mp-6949,126,127,49,49,9,9,9,9,9,9
mp-697038,126,127,56,56,1,1,1,1,1,1,44
mp-697044,126,127,56,56,1,1,1,1,1,1,76
mp-697133,126,127,55,55,20,1,1,1,1
mp-6973,126,127,55,55,11,11,16,16
mp-6984,126,127,19,19,19,19,14,14,33,33,33,33
mp-6989,126,127,56,56,34,34,8,8,8,8,8,8
mp-7027,126,127,49,49,5,5,8,8,8,8,8,8
mp-7041,126,127,20,80,8,8
mp-7060,126,127,57,57,30,30,15,15,8,8
mp-7067,126,127,20,48,48,33,33
mp-7077,126,127,19,19,79,79,16,16
mp-7089,126,127,19,19,12,12,51,51
mp-22898,126,127,19,53
mp-22899,126,127,3,53
mp-22901,126,127,19,53
mp-22904,126,127,20,20,17,17,17,17
mp-22905,126,127,3,3,3,3,17,17,17,17
mp-22906,126,127,55,35
mp-22913,126,127,29,35
mp-22914,126,127,29,17
mp-22919,126,127,47,53
mp-22922,126,127,47,17
mp-22925,126,127,47,53
mp-22934,126,127,19,19,78,17,17,17,17
mp-22935,126,127,55,55,35,35,9,9
mp-22936,126,127,20,20,7,17
mp-22951,126,127,56,56,53,53,9,9
mp-22956,126,127,19,19,46,17,17,17,17
mp-22988,126,127,55,32,17,17,17
mp-22990,126,127,55,53,17,17
mp-23004,126,127,55,55,12,12,17,17,17,17,17,17
mp-23009,126,127,20,20,35,7
mp-23017,126,127,55,55,29,29,29,29,35,35,35,35,35,35
mp-23018,126,127,83,83,51,51,8,8,8,8,8,8,8,8
mp-23023,126,127,57,57,35,35,8,8
mp-23025,126,127,57,57,17,17,8,8
mp-23036,126,127,19,19,34,35,35,35,35,35,35
mp-23040,126,127,20,20,15,53
mp-23060,126,127,55,55,78,53,53,53,53,53,53
mp-23067,126,127,19,19,46,17,17,17,17,17,17
mp-23070,126,127,56,56,35,35,9,9
mp-23091,126,127,56,56,83,51,8,8,8,8,8,8
mp-23092,126,127,56,56,73,83,8,8,8,8,8,8
mp-23097,126,127,19,19,76,17,17,17,17,8,8
mp-23116,126,127,29,29,83,83,34,34,8,8
mp-23120,126,127,55,55,11,39,17,17,17,17,17,17
mp-23127,126,127,56,56,83,51,8,8,8,8,8,8
mp-23137,126,127,56,56,39,83,8,8,8,8,8,8
mp-23193,126,127,19,17
mp-23214,126,127,20,20,17,17,17,17
mp-23222,126,127,3,3,3,83
mp-23231,126,127,47,35
mp-23251,126,127,19,35
mp-23259,126,127,3,35
mp-23260,126,127,56,56,56,56,53,53,53,53,53,53,53,53
mp-23263,126,127,57,57,35,35,35,35,35,35
mp-23289,126,127,19,17
mp-23349,126,127,83,5,5,5,8,8,8,8,8,8
mp-23353,126,127,29,29,80,53,53,53,53
mp-23364,126,127,55,55,3,3,17,17,17,17
mp-23405,126,127,55,55,52,35,35,35,35,35,35
mp-23406,126,127,55,55,78,17,17,17,17,17,17
mp-23425,126,127,55,55,82,17,17,17,17,17,17
mp-23432,126,127,56,56,17,17,9,9
mp-23465,126,127,55,55,52,17,17,17,17,17,17
mp-23484,126,127,55,55,79,79,17,17,17,17,17,17
mp-23485,126,127,47,47,80,53,53,53,53
mp-23513,126,127,19,19,78,17,17,17,17,17,17
mp-23550,126,127,19,19,35,35,9,9,9,9,9,9,9,9
mp-23703,126,127,3,1
mp-2371,126,127,31,31,52,52,52,52,52
mp-23737,126,127,19,12,1,1,1
mp-23818,126,127,56,3,1,1,1
mp-23859,126,127,20,20,1,1,17,17
mp-23861,126,127,56,56,1,1,17,17
mp-23862,126,127,56,56,1,1,53,53
mp-239,126,127,56,56,16,16,16,16,16,16
mp-23933,126,127,13,13,1,1,1,1,1,1
mp-23956,126,127,19,19,12,1,1,1,1
mp-24084,126,127,19,1
mp-241,126,127,48,9,9
mp-24341,126,127,55,55,4,4,1,1,1,1,1,1
mp-24424,126,127,56,56,1,1,35,35
mp-24428,126,127,19,19,1,1,1,1,7,7
mp-2455,126,127,33,33,33,33,76,76
mp-24589,126,127,19,19,19,19,1,1,35,35,8,8
mp-2469,126,127,48,16
mp-2490,126,127,31,15
mp-2517,126,127,20,20,20,20,20,20,20,20,14,14,14,14
mp-252,126,127,4,52
mp-2530,126,127,3,3,52
mp-2534,126,127,31,33
mp-2542,126,127,4,4,8,8
mp-2600,126,127,56,52
mp-2605,126,127,20,8
mp-2624,126,127,13,51
mp-2667,126,127,55,79
mp-2672,126,127,19,19,19,19,8,8,8,8
mp-2691,126,127,48,34
mp-27138,126,127,19,19,46,35,35,35,35
mp-27207,126,127,19,19,12,17,17,17,17
mp-27227,126,127,3,3,47,47,47,47,47,47,8,8,8,8
mp-27243,126,127,19,19,78,35,35,35,35
mp-27253,126,127,79,79,79,79,8,8,8,8,8,8
mp-27255,126,127,31,31,31,31,52,52,16,16,16,16
mp-27294,126,127,20,20,20,33,35,35,35
mp-27315,126,127,20,22,9,9,9,9,9,9
mp-27385,126,127,19,19,81,81,17,17,17,17,17,17,17,17
mp-2741,126,127,20,9,9
mp-27419,126,127,3,83,9,9,9,9,9,9
mp-27422,126,127,55,83,9,9,9,9,9,9
mp-27456,126,127,56,56,56,56,35,35,35,35,35,35,35,35
mp-27546,126,127,20,20,17,17,9,9
mp-27549,126,127,19,19,19,19,47,47,83,83
mp-27608,126,127,4,4,4,4,52,8,8,8,8,8,8,8
mp-27691,126,127,19,19,78,35,35,35,35,35,35
mp-27716,126,127,19,19,81,81,8,8
mp-27828,126,127,55,55,22,17,17,17,17,17,17
mp-27830,126,127,55,55,34,17,17,17,17,17,17
mp-27839,126,127,19,19,22,17,17,17,17,17,17
mp-27869,126,127,56,56,15,17
mp-27882,126,127,55,55,32,17,17,17,17,17,17
mp-27904,126,127,26,26,26,26,51,51,51,51,16,16,16,16
mp-8257,126,127,11,11,11,11,30,30,16,16,16,16
mp-8262,126,127,19,19,19,19,15,15,15,15,15,15
mp-8267,126,127,19,19,15,15,16,16,16,16,16,16
mp-827,126,127,19,19,7,7,7,7,7,7
mp-8278,126,127,56,12,12,15,15
mp-8279,126,127,56,48,48,15,15
mp-8280,126,127,56,12,12,33,33
mp-8291,126,127,56,22,9,9,9,9,9,9
mp-830,126,127,31,7
mp-8300,126,127,56,56,56,56,33,33,8
mp-8335,126,127,56,56,40,8,8,8,8
mp-8361,126,127,55,55,55,55,52,52,52,52
mp-8399,126,127,55,48,9,9,9
mp-8405,126,127,3,3,3,57,51,51
mp-8407,126,127,3,3,3,57,15,15
mp-8409,126,127,19,39,8,8
mp-841,126,127,3,3,3,3,8,8,8,8
mp-8411,126,127,11,11,11,11,47,47,33,33
mp-8426,126,127,19,19,34
mp-8430,126,127,19,19,3,3,16,16
mp-8446,126,127,19,19,19,19,29,29,15,15
mp-8452,126,127,11,11,3,3,16,16
mp-8454,126,127,19,9
mp-8455,126,127,55,9
mp-8459,126,127,48,48,16,16,8,8,8,8,8,8,8,8
mp-8579,126,127,56,47,47,16,16
mp-8615,126,127,41,41,5,5,8,8,8,8,8,8,8,8
mp-861937,126,127,56,56,33,79
mp-861979,126,127,77,77,77,77,16,16,16,16,16,16
mp-8621,126,127,19,19,78,34,34
mp-8623,126,127,19,19,52,52,78
mp-862631,126,127,56,56,51,79
mp-862868,126,127,82,82,35,35,35,35
mp-862871,126,127,82,82,17,17,17,17
mp-862947,126,127,56,56,83,79
mp-864954,126,127,12,12,42,42,7,7,7,7
mp-865185,126,127,12,4,4,33,33
mp-865427,126,127,19,38,6,8,8,8,9
mp-865500,126,127,11,11,72,72,8,8,8,8,8
mp-8658,126,127,55,55,11,11,34,34
mp-866132,126,127,11,11,81,51
mp-866291,126,127,47,35
mp-8703,126,127,11,11,11,51,34,34,34,34
mp-8724,126,127,19,19,19,19,52,52,8,8,8,8,8,8
mp-8752,126,127,11,11,11,11,48,15,15
mp-8753,126,127,19,19,19,19,80,15,15
mp-8756,126,127,19,19,3,3,34,34
mp-8759,126,127,55,55,55,55,40,40,8,8,8,8,8,8
mp-8789,126,127,20,20,20,20,33,33,8
mp-8812,126,127,37,37,32,9,9,9,9,9,9
mp-8818,126,127,20,20,30,7,7
mp-8830,126,127,11,45,8,8
mp-8857,126,127,55,55,55,55,33,33,33,33,46,46
mp-886,126,127,31,31,31,31,8,8,8,8,8,8
mp-8873,126,127,3,32,5,8,8,8,8
mp-8874,126,127,3,14,5,8,8,8,8
mp-8880,126,127,13,13,15,15
mp-8881,126,127,13,13,33,33
mp-8882,126,127,31,31,15,15
mp-8891,126,127,19,19,40,5,5,8,8,8,8,8,8
mp-8922,126,127,48,51,51,8,8,8,8,8,8
mp-8930,126,127,19,19,19,19,32,32,33,33,33,33
mp-8932,126,127,55,55,55,55,14,14,15,15,15,15
mp-8934,126,127,55,55,55,55,50,50,33,33,33,33
mp-8943,126,127,78,78,9,9,9,9,9,9,9,9
mp-8963,126,127,55,55,80,9,9,9,9
mp-8978,126,127,55,55,41,41,7,7,7,7
mp-9107,126,127,11,11,40,40,29,29,16,16,16,16,16,16
mp-9124,126,127,3,30,33
mp-9125,126,127,20,51,51,8,8,8,8,8,8
mp-9127,126,127,56,51,51,8,8,8,8,8,8
mp-9143,126,127,3,15,9,9,9,9,9,9
mp-9144,126,127,3,33,9,9,9,9,9,9
mp-9158,126,127,3,29,8,8
mp-9166,126,127,12,6,7,7
mp-9195,126,127,56,56,29,29,34,34,9,9
mp-9198,126,127,26,14,14,14,14,15,15,15,15
mp-9200,126,127,19,19,19,79,8
mp-9205,126,127,19,19,34,34,8,8,8,8,9,9
mp-924128,126,127,72,28,50
mp-9244,126,127,3,3,5,5,6,6
mp-9259,126,127,56,56,12,5,5,8,8,8,8,8,8
mp-9262,126,127,55,55,78,9,9,9,9,9,9
mp-9268,126,127,19,19,19,19,19,19,34,34,34,34,34,34
mp-927,126,127,29,29,29,29,15,15,15,15,15,15,15,15
mp-9273,126,127,19,19,19,51,51,79,79,79
mp-9307,126,127,56,56,30,7,7
mp-9317,126,127,19,19,40,40,29,29,16,16,16,16,16,16
mp-9321,126,127,56,56,72,16,16,16,16
mp-9348,126,127,19,37,37,21,9,9,9,9,9,9
mp-9384,126,127,55,79,79,79,16,16
mp-9386,126,127,55,79,79,79,34,34
mp-9437,126,127,41,26,51
mp-9486,126,127,19,19,13,9,9,9,9,9
mp-9514,126,127,12,13,13,6,6
mp-9562,126,127,3,3,4,4,33,33
mp-9564,126,127,20,12,12,33,33
mp-9565,126,127,20,12,12,51,51
mp-9567,126,127,56,12,12,51,51
mp-9569,126,127,20,30,30,15,15
mp-9570,126,127,20,48,48,15,15
mp-9571,126,127,20,30,30,33,33
mp-9573,126,127,11,11,4,4,33,33
mp-9575,126,127,3,3,4,4,51,51
mp-9583,126,127,19,19,30,9,9,9,9
mp-9595,126,127,41,41,49,49,8,8,8,8,8,8,8,8
mp-9610,126,127,3,3,6,7,7
mp-961648,126,127,19,56,15
mp-961683,126,127,3,12,15
mp-961684,126,127,3,20,33
mp-961685,126,127,11,20,33
mp-961698,126,127,3,30,15
mp-961774,126,127,56,11,51
mp-9631,126,127,13,13,47,47,8,8,8,8
mp-9636,126,127,55,51,9,9,9,9,9,9
mp-9657,126,127,3,3,33,33,8,8,8,8,8,8
mp-9664,126,127,19,19,19,19,19,19,5,5,15,15,15,15
mp-966800,126,127,49,49,15,15
mp-9672,126,127,19,19,19,19,28,28,15,15,15,15
mp-9675,126,127,55,55,55,55,55,55,5,5,15,15,15,15
mp-9687,126,127,19,19,19,19,15,15,79,79
mp-9692,126,127,19,19,19,19,32,32,34,34,34,34,34,34
mp-971,126,127,19,19,19,19,8,8
mp-9718,126,127,37,37,37,37,37,37,5,5,33,33,33,33
mp-9720,126,127,37,37,37,37,37,37,5,5,15,15,15,15
mp-9731,126,127,37,37,79,79,34,34
mp-9732,126,127,56,56,56,11,11,11,15,15,15
mp-974603,126,127,80,80,9,9,9,9
mp-975115,126,127,37,37,43,43,8,8,8,8,8,8,8,8
mp-975140,126,127,37,30,30,30,30,15,15,15
mp-9755,126,127,72,72,32,32,8,8,8,8,8,8,8,8
mp-976280,126,127,3,3,35,35
mp-976876,126,127,19,19,78,6,6
mp-9774,126,127,56,56,56,56,51,51,8
mp-9775,126,127,11,11,11,38,38,38,33,33,33
mp-9778,126,127,19,19,19,19,47,47,15,15
mp-9780,126,127,37,37,72,72,47,47,52,52,52,52,52,52
mp-9794,126,127,37,37,37,37,32,32,34,34,34,34,34,34
mp-9821,126,127,37,51,9,9,9,9,9,9
mp-983565,126,127,29,29,5,5,34,34,34,34
mp-9839,126,127,19,19,3,13,9,9,9,9,9,9
mp-9844,126,127,56,13,13,5,5,8,8,8,8,8,8,8
mp-9845,126,127,37,37,20,20,33,33
mp-9846,126,127,37,37,20,20,51,51
mp-984761,126,127,55,37,37,51
mp-9855,126,127,19,19,72,72,29,29,16,16,16,16,16,16
mp-985586,126,127,11,11,11,35,8
mp-9856,126,127,55,55,55,55,40,40,34,34,34,34,34,34
mp-9872,126,127,19,19,19,19,4,15,15
mp-9881,126,127,19,19,79,79,34,34
mp-989400,126,127,37,37,11,31,9,9,9,9,9,9
mp-989405,126,127,55,55,3,49,35,35,35,35,35,35
mp-989514,126,127,55,55,11,51,17,17,17,17,17,17
mp-989520,126,127,37,37,11,83,17,17,17,17,17,17
mp-989522,126,127,12,12,12,12,12,12,83,83,15,7
mp-989523,126,127,37,37,11,33,9,9,9,9,9,9
mp-989526,126,127,55,55,19,81,9,9,9,9,9,9
mp-989527,126,127,55,55,11,7,9,9,9,9,9,9
mp-989529,126,127,19,37,37,49,17,17,17,17,17,17
mp-989531,126,127,55,55,19,31,9,9,9,9,9,9
mp-989532,126,127,37,37,81,49,9,9,9,9,9,9
mp-989535,126,127,55,55,13,49,1,1,1,1,1,1
mp-989536,126,127,55,55,3,7,9,9,9,9,9,9
mp-989537,126,127,55,55,81,49,9,9,9,9,9,9
mp-989538,126,127,55,55,49,83,9,9,9,9,9,9
mp-989539,126,127,37,37,13,81,1,1,1,1,1,1
mp-989541,126,127,37,37,11,51,9,9,9,9,9,9
mp-989545,126,127,37,37,11,51,17,17,17,17,17,17
mp-989547,126,127,37,37,11,49,17,17,17,17,17,17
mp-989548,126,127,37,37,11,81,9,9,9,9,9,9
mp-989558,126,127,55,55,81,31,9,9,9,9,9,9
mp-989561,126,127,11,81,81,31,9,9,9,9,9,9
mp-989562,126,127,55,55,3,81,9,9,9,9,9,9
mp-989563,126,127,37,37,11,81,17,17,17,17,17,17
mp-989565,126,127,37,37,81,31,9,9,9,9,9,9
mp-989566,126,127,37,37,49,31,9,9,9,9,9,9
mp-989567,126,127,55,55,37,81,9,9,9,9,9,9
mp-989570,126,127,55,55,20,50,17,17,17,17,17,17
mp-989571,126,127,55,55,11,49,17,17,17,17,17,17
mp-989575,126,127,55,55,13,81,1,1,1,1,1,1
mp-989579,126,127,37,37,3,81,17,17,17,17,17,17
mp-989583,126,127,37,37,3,49,17,17,17,17,17,17
mp-989605,126,127,55,55,37,49,9,9,9,9,9,9
mp-989608,126,127,55,55,11,33,17,17,17,17,17,17
mp-989610,126,127,55,55,11,49,1,1,1,1,1,1
mp-989616,126,127,20,20,74,74,7,7,7,7,7,7
mp-989618,126,127,55,55,37,31,9,9,9,9,9,9
mp-989629,126,127,55,37,37,31,9,9,9,9,9,9
mp-989635,126,127,20,20,42,42,7,7,7,7,7,7
mp-989638,126,127,20,20,43,43,7,7,7,7,7,7
mp-989639,126,127,55,55,19,49,9,9,9,9,9,9
mp-989642,126,127,55,55,11,13,1,1,1,1,1,1
mp-989643,126,127,57,57,27,27,7,7,7,7,7,7
mp-9900,126,127,47,47,47,47,32,32,16,16,16,16,16,16
mp-9915,126,127,3,3,4,4,15,15
mp-991676,126,127,41,29,29,29,52,52,52,52
mp-9919,126,127,3,3,30,30,51,51
mp-996941,126,127,55,55,37,49,35,35,35,35,35,35
mp-996943,126,127,55,55,11,49,35,35,35,35,35,35
mp-996944,126,127,55,55,81,49,35,35,35,35,35,35
mp-996959,126,127,3,3,79,79,8,8,8,8
mp-996962,126,127,3,3,47,47,8,8,8,8
mp-996983,126,127,47,47,79,79,8,8,8,8
mp-996997,126,127,3,3,47,47,8,8,8,8
mp-997002,126,127,19,19,79,79,8,8,8,8
mp-997036,126,127,48,48,79,79,8,8,8,8
mp-997041,126,127,11,11,29,29,8,8,8,8
mp-997089,126,127,11,79,8,8
mp-997618,126,127,5,51
mp-998156,126,127,37,50,17,17,17
mp-998198,126,127,37,20,35,35,35
mp-998297,126,127,55,38,35,35,35
mp-998413,126,127,55,55,34,34,35,35,35,35,35,35
mp-998433,126,127,55,55,38,38,35,35,35,35,35,35
mp-998552,126,127,56,72,8,8,8
mp-998599,126,127,19,19,20,20,35,35,35,35,35,35
mp-9986,126,127,55,55,55,55,79,79,79,79,8,8,8,8
mp-998603,126,127,37,37,82,82,35,35,35,35,35,35
mp-998604,126,127,37,37,82,82,17,17,17,17,17,17
mp-998612,126,127,19,19,32,32,35,35,35,35,35,35
mp-999498,126,127,7,7,7,7
mp-569018,126,127,12,12,12,83,83
mp-27985,126,127,39,39,17,17,8,8
mp-28084,126,127,37,37,46,35,35,35,35,35,35
mp-28110,126,127,37,37,78,53,53,53,53,53,53
mp-28145,126,127,37,37,46,17,17,17,17,17,17
mp-28237,126,127,37,37,3,3,35,35,35,35
mp-28243,126,127,37,37,3,3,17,17,17,17
mp-28264,126,127,37,37,1,1,1,1,1,1,8,8,8,8
mp-28266,126,127,15,15,15,15,46,46
mp-2858,126,127,40,40,40,40,8,8,8,8,8,8,8,8
mp-28591,126,127,11,11,11,11,80,15,15
mp-28599,126,127,11,11,11,11,35,35,8
mp-28602,126,127,11,11,11,17,8
mp-28603,126,127,11,11,11,11,3,3,3,3,34,34,34,34
mp-28797,126,127,39,1,34
mp-288,126,127,78,78,16,16
mp-28872,126,127,37,35,8,8,8
mp-2894,126,127,21,50,79
mp-29091,126,127,22,29,29,29,29,16,16,16,16
mp-2918,126,127,39,39,29,29,8,8,8,8
mp-29521,126,127,37,37,83,83,8,8,8,8
mp-29529,126,127,11,11,50,50,15,15
mp-2961,126,127,12,12,14,14,15,15,15,15
mp-2964,126,127,11,7,8,8
mp-29754,126,127,38,38,3,3,7,7
mp-2979,126,127,30,30,30,30,32,32,32,32,7,7,7,7,7,7,7,7
mp-30004,126,127,37,37,37,37,35,35,8
mp-30041,126,127,37,83,16,16
mp-30250,126,127,39,39,47,47,8,8,8,8
mp-30251,126,127,39,39,79,79,8,8,8,8
mp-30373,126,127,37,79
mp-30456,126,127,38,38,38,38,3,3,3,3,83,83,83,83
mp-30459,126,127,21,28,83
mp-30460,126,127,39,28,83
mp-3056,126,127,11,81,8,8
mp-3070,126,127,11,11,11,11,6,6,8,8,8,8,8,8
mp-30847,126,127,22,50,78
mp-31002,126,127,37,37,52,52,52,52,52
mp-31451,126,127,40,27,83
mp-31454,126,127,73,51,44
mp-315,126,127,82,9,9
mp-3349,126,127,38,38,38,22,22,8,8,8,8,8,8,8
mp-3395,126,127,38,38,34,34,8,8,8,8,8,8
mp-34169,126,127,30,49,49,34,34,34,34
mp-3419,126,127,37,37,79,79,9,9,9,9,9,9,9,9
mp-3432,126,127,21,28,51
mp-34579,126,127,11,11,11,72,9,9,9,9,9,9,9
mp-35015,126,127,11,11,83,83,34,34,34,34
mp-35152,126,127,38,38,1,1,1,1,1,45
mp-3519,126,127,40,40,40,40,16,16,16,16,8,8,8,8
mp-35220,126,127,15,15,1,1,7,7,7,7
mp-3595,126,127,30,30,14,14,33,33,33,33
mp-36066,126,127,15,15,7,7,8,8
mp-3637,126,127,39,39,8,8,9,9
mp-3642,126,127,21,21,29,29,8,8,8,8
mp-36508,126,127,50,80,9,9,9,9,9,9
mp-3654,126,127,37,20,9,9,9
mp-36582,126,127,11,1,16
mp-37091,126,127,38,13,13,52,52,52,52
mp-3744,126,127,11,11,41,41,8,8,8,8
mp-3762,126,127,23,29,29,29,16,16,16,16
mp-3771,126,127,12,12,22,22,8,8,8,8,8,8
mp-380,126,127,30,30,34,34
mp-4035,126,127,37,37,75,75,8,8,8,8,8,8,8,8
mp-10086,126,127,39,39,16,16,9,9
mp-1008680,126,127,22,32,78
mp-1009750,126,127,21,7
mp-1009792,126,127,44,6
mp-1009813,126,127,14,50
mp-1009819,126,127,38,8
mp-1009820,126,127,50,6
mp-1009894,126,127,40,6
mp-1014244,126,127,40,30,7,7
mp-10155,126,127,15,15,15,15,15,15,15,15,77,77,77,77
mp-10219,126,127,39,39,8,8,9,9
mp-10281,126,127,30,30,30,30,16,16,16,16
mp-10341,126,127,38,32,52,8,8,8,8,8,8
mp-10418,126,127,37,37,51,51,8,8,8,8
mp-10481,126,127,37,37,47,47,47,47,47,47,52,52,52,52
mp-10492,126,127,37,37,14,9,9,9,9,9,9
mp-10547,126,127,37,37,37,37,79,79,79,79,8,8,8,8
mp-10550,126,127,38,12,12,7,7
mp-10614,126,127,38,3,15
mp-10627,126,127,38,16
mp-10653,126,127,38,52
mp-10694,126,127,21,9,9,9
mp-10695,126,127,30,16
mp-10748,126,127,73,29,29,29,16,16,16,16
mp-1087,126,127,38,16
mp-10918,126,127,37,37,46,6,6
mp-10919,126,127,37,37,78,6,6
mp-10955,126,127,50,80,80,34,34,34,34
mp-10985,126,127,37,37,29,29,29,29,29,29,16,16,16,16
mp-11022,126,127,21,21,47,47,8,8,8,8
mp-1106,126,127,38,38,38,38,38,38,38,38,14,14,14,14
mp-11327,126,127,37,37,34
mp-11520,126,127,39,28,51
mp-11583,126,127,40,40,40,40,16,16,7,7,7,7
mp-11695,126,127,37,37,46,46,46,16,16,16,16
mp-11713,126,127,14,14,14,14,14,6,6,6,6,6
mp-11714,126,127,14,14,14,14,6,6,6,6
mp-11718,126,127,37,9
mp-1190,126,127,30,34
mp-11919,126,127,38,38,4,4,4,4,7,7,7,7
mp-12016,126,127,37,37,37,37,14,14,16,16,16,16,16,16
mp-12317,126,127,38,6,7,7
mp-12418,126,127,38,38,38,38,20,20,20,20,32,32,32,32
mp-12427,126,127,38,38,73,31,8,8,8,8,8,8
mp-12444,126,127,38,38,29,29,16,16,9,9
mp-1247,126,127,51,51,51,51,51,51,51,51,77,77,77,77
mp-12509,126,127,39,39,30,30,15,15,8,8
mp-12525,126,127,38,38,3,75,8,8,8,8,8,8
mp-12622,126,127,38,38,46,46,9,9,9,9,9,9,9,9
mp-1285,126,127,78,78,8,8,8,8
mp-12894,126,127,39,39,16,8,8
mp-12903,126,127,39,39,47,47,52,52,52,52
mp-12908,126,127,21,47,34,34
mp-13099,126,127,39,7
mp-13109,126,127,38,38,72,72,8,8,8,8,8,8
mp-13276,126,127,38,38,3,3,15,15
mp-13445,126,127,37,37,37,37,33,33,33,33,78,78
mp-13541,126,127,38,38,12,5,5,8,8,8,8,8,8
mp-13610,126,127,30,82,9,9,9,9,9,9
mp-13641,126,127,22,22,48,48,8,8,8,8,8,8
mp-13658,126,127,37,37,7,7,8,8,8,8,8,8
mp-13676,126,127,81,81,15,15,8,8,8,8,8,8,8,8
mp-13868,126,127,46,46,9,9,9,9,9,9,9,9
mp-13900,126,127,38,38,29,29,29,29,8,8,8,8
mp-13903,126,127,30,50,9,9,9,9,9,9
mp-13926,126,127,37,37,11,39,9,9,9,9,9,9
mp-1394,126,127,37,37,37,37,8,8
mp-13946,126,127,37,37,40,9,9,9,9,9,9
mp-13947,126,127,37,37,72,9,9,9,9,9,9
mp-13983,126,127,30,46,9,9,9,9,9,9
mp-14037,126,127,11,81,81,45,9,9,9,9,9,9
mp-14038,126,127,37,37,11,45,9,9,9,9,9,9
mp-14070,126,127,37,37,13,13,8,8,8,8
mp-14088,126,127,37,37,46,9,9,9,9,9,9
mp-1413,126,127,15,15,15,15,44,44
mp-14333,126,127,73,73,13,13,8,8,8,8,8,8,8,8
mp-14437,126,127,37,39,8,8
mp-14588,126,127,11,11,11,11,78,78,34,34,34,34
mp-149,126,127,14,14
mp-14983,126,127,14,14,14,14,15,15,15,15,44
mp-15556,126,127,37,37,37,37,33,33,33,33,33,33
mp-1565,126,127,40,8,8
mp-15668,126,127,11,11,11,11,34,34,34,34
mp-15685,126,127,11,11,11,11,29,29,33,33
mp-15776,126,127,30,31,31,34,34,34,34
mp-15777,126,127,30,31,31,52,52,52,52
mp-15953,126,127,15,15,15,15,15,15,15,15,45,45,45,45
mp-1598,126,127,11,11,11,11,11,11,15,15
mp-1634,126,127,42,42,34,34,34,34
mp-165,126,127,14,14,14,14
mp-16764,126,127,37,37,39,39,52,52,52,52
mp-1873,126,127,30,30,9,9,9,9
mp-189,126,127,14,14,14,14,44,44,44,44
mp-1922,126,127,44,44,44,44,34,34,34,34,34,34,34,34
mp-1958,126,127,38,52
mp-19717,126,127,52,82
mp-1986,126,127,30,8
mp-20289,126,127,11,49,16,16
mp-2030,126,127,44,44,44,44,16,16,16,16,16,16,16,16
mp-20450,126,127,39,39,39,39,24,24,24,24,5,5,5,5,5,5,5,5,5,5,5,5,5,5,5,5
mp-20459,126,127,22,82,8,8,8
mp-2064,126,127,37,9
mp-2068,126,127,45,45,9,9,9,9,9,9
mp-2079,126,127,37,37,37,37,15,15,15,15,15,15
mp-20832,126,127,30,49,49,52,52,52,52
mp-21166,126,127,38,38,38,38,20,20,20,20,82,82,82,82
mp-21228,126,127,38,38,29,29,34,34,9,9
mp-21276,126,127,82,82,82,82,16,16,16,16
mp-2133,126,127,30,30,8,8
mp-2175,126,127,81,9
mp-2176,126,127,30,30,30,52,52,52
mp-21855,126,127,23,29,29,29,34,34,34,34
mp-22003,126,127,11,7,7,7
mp-2201,126,127,82,34
mp-22255,126,127,37,37,49,49,52,52,52,52
mp-2229,126,127,30,8
mp-22313,126,127,11,11,78,8,8
mp-22473,126,127,11,49,34,34
mp-22483,126,127,11,11,49,49,52,52,52,52
mp-22607,126,127,30,49,49,34,34,34,34
mp-22851,126,127,11,17
mp-22862,126,127,11,17
mp-22867,126,127,37,35
mp-22875,126,127,81,35
mp-4043,126,127,41,29,29,29,34,34,34,34
mp-4081,126,127,73,29,29,29,34,34,34,34
mp-4165,126,127,73,73,73,73,7,7,7,7,8,8,8,8
mp-4175,126,127,30,30,50,50,15,15,15,15
mp-4200,126,127,21,21,15,15,8,8,8,8,8,8,8,8
mp-4359,126,127,38,38,46,8,8,8
mp-4360,126,127,11,11,48,48,9,9,9,9,9,9
mp-4405,126,127,37,37,37,79,8
mp-441,126,127,37,37,52
mp-4482,126,127,11,11,51,51,8,8,8,8,8,8
mp-4497,126,127,14,14,14,14,7,7,7,7,8,8
mp-4514,126,127,11,11,41,41,8,8,8,8,8,8
mp-4524,126,127,30,30,32,32,15,15,15,15
mp-4531,126,127,11,11,11,11,7,7,7,7,8,8,8,8,8,8,8,8,8,8,8,8
mp-4533,126,127,11,11,11,11,14,14,8,8,8,8,8,8
mp-4636,126,127,21,29,8,8
mp-4651,126,127,38,38,22,22,8,8,8,8,8,8
mp-4763,126,127,30,30,14,14,15,15,15,15
mp-4820,126,127,40,40,14,14,8,8,8,8,8,8,8,8
mp-4824,126,127,11,11,30,30,15,15
mp-486,126,127,28,28,15,15,15,15
mp-4961,126,127,11,11,80,8,8
mp-505297,126,127,41,51,44
mp-5072,126,127,37,37,80,8,8
mp-5077,126,127,11,3,3,51
mp-5078,126,127,38,38,30,30,9,9,9,9,9,9,9,9
mp-5122,126,127,11,11,11,11,11,11,13,13,15,15,15,15
mp-5132,126,127,39,39,15,15,8,8,8,8,8,8,8,8
mp-5175,126,127,11,49,8,8
mp-5350,126,127,30,31,31,16,16,16,16
mp-5377,126,127,39,39,73,73,8,8,8,8,8,8,8,8
mp-5414,126,127,11,11,51,51,16,16,16,16
mp-541989,126,127,11,11,6,7,7
mp-546011,126,127,39,39,30,30,33,33,8,8
mp-546125,126,127,21,21,33,33,8,8,8,8,8,8,8,8
mp-546500,126,127,11,6,7,8
mp-546794,126,127,14,14,8,8,8,8
mp-546864,126,127,39,39,6,7,7,8,8
mp-547244,126,127,38,38,83,83,17,17,8,8,8,8
mp-5475,126,127,11,73,7,7
mp-5478,126,127,81,81,46,46,46,46,46,46,8,8,8,8,8,8,8,8
mp-5479,126,127,37,13,9,9,9,9
mp-549697,126,127,37,32,53,8,8,8,8,8,8
mp-551203,126,127,38,38,38,38,53,53,53,53,8,8
mp-552234,126,127,38,38,83,83,35,35,8,8,8,8
mp-552537,126,127,38,38,29,35,8,8
mp-552547,126,127,38,38,83,83,53,53,8,8,8,8
mp-5532,126,127,38,38,22,8,8,8,8
mp-553875,126,127,40,40,16,7,7
mp-553961,126,127,21,21,41,41,8,8,8,8,8,8,8,8
mp-554412,126,127,37,73,15,15,8,8,8,8,8,8,8,8
mp-555410,126,127,30,30,30,30,16,16,16,16
mp-555763,126,127,30,30,30,16,16,16
mp-556120,126,127,37,81,16,16,8,8,8,8,8,8,8,8
mp-556953,126,127,37,37,15,15,16,16,16,16,16,16
mp-558071,126,127,37,37,16,16
mp-558781,126,127,21,21,73,73,8,8,8,8,8,8,8,8
mp-559092,126,127,21,9,9,9
mp-5594,126,127,21,21,14,14,8,8,8,8,8,8,8
mp-560037,126,127,37,37,11,83,9,9,9,9,9,9
mp-560588,126,127,30,30,16,16
mp-5621,126,127,41,29,29,29,16,16,16,16
mp-5652,126,127,39,39,14,14,8,8,8,8,8,8,8
mp-567636,126,127,23,26,51
mp-567655,126,127,38,38,6,7,7,17,17
mp-567744,126,127,38,38,38,38,35,35,35,35,35,35,35,35
mp-568018,126,127,37,37,51,51,51,51
mp-568284,126,127,38,38,38,38,53,53,53,53,53,53,53,53
mp-568560,126,127,81,35
mp-568619,126,127,14,14,14,14,14,6,6,6,6,6
mp-568666,126,127,37,37,79,79,53,53,53,53,53,53
mp-569028,126,127,37,37,50,35,35,35,35,35,35
mp-569442,126,127,37,37,79,79,17,17,17,17,17,17,17,17
mp-569571,126,127,41,41,41,41,41,41,51,51,51,51,52,52,52,52,52,52,52,52,52,52
mp-569639,126,127,81,17
mp-569677,126,127,38,38,53,7
mp-569779,126,127,21,51,46
mp-570008,126,127,38,38,38,83,7
mp-570097,126,127,38,3,3,3,3,15,15
mp-570213,126,127,3,12,83
mp-570324,126,127,37,37,52,35,35,35,35,35,35
mp-570485,126,127,38,13,14,1
mp-570538,126,127,11,7,7,7
mp-571102,126,127,81,53
mp-5784,126,127,11,11,11,11,32,32,8,8,8,8,8,8
mp-581833,126,127,37,7,7,7
mp-5840,126,127,3,3,21,21,8,8,8,8
mp-5853,126,127,3,3,14,14,14,14,7,7,7,7,7,7
mp-5955,126,127,11,51,9,9,9,9,9,9
mp-5962,126,127,11,11,12,12,33,33
mp-5967,126,127,22,27,51
mp-602,126,127,52,52,52,52,42,42
mp-6026,126,127,11,11,12,6,6,8,8,8,8,8,8
mp-623024,126,127,22,48,9,9,9,9,9,9
mp-626151,126,127,39,39,1,1,8,8,8,8
mp-626620,126,127,37,37,1,1,8,8
mp-634657,126,127,11,11,1,1,16,16
mp-6384,126,127,37,37,16,16,8,8,8,8,9,9
mp-6408,126,127,30,29,29,32,16,16,16,16
mp-643002,126,127,12,12,1,1,1,1,1,1,76
mp-643101,126,127,37,37,1,1,1,1,1,1,78
mp-643260,126,127,11,11,1,1,1,1,46
mp-648,126,127,11,11,16
mp-675104,126,127,11,11,11,39,17,17,17,17,17,17
mp-675230,126,127,11,11,57,57,16,16,16,16
mp-675531,126,127,11,11,83,83,16,16,16,16
mp-675902,126,127,39,29,34,34
mp-676284,126,127,39,39,47,47,34,34,34,34
mp-682,126,127,11,9
mp-684690,126,127,21,21,21,21,34,34,34,34,34,34
mp-684969,126,127,21,21,21,21,16,16,16,16,16,16
mp-690785,126,127,11,11,1,1,1,1,1,1,78
mp-6930,126,127,14,14,14,8,8,8,8,8,8
mp-6947,126,127,14,14,8,8,8,8
mp-6951,126,127,37,48,9,9,9
mp-6960,126,127,37,37,37,37,14,14,33,33,33,33
mp-696804,126,127,37,37,1,1,16,16
mp-697030,126,127,12,12,1,1,1,1,1,1,44
mp-697096,126,127,11,11,1,1,1,1,78
mp-697144,126,127,37,37,1,1,1,1,7,7
mp-6972,126,127,39,29,8,8
mp-6980,126,127,21,29,16,16
mp-6983,126,127,11,11,11,11,47,47,47,47,8,8,8,8
mp-7000,126,127,14,14,14,8,8,8,8,8,8
mp-7017,126,127,11,41,7,7
mp-7090,126,127,11,11,12,12,51,51
mp-7140,126,127,14,14,6,6
mp-7173,126,127,21,51,78
mp-7176,126,127,37,57,34,34
mp-7219,126,127,11,11,11,11,40,40,34,34,34,34,34,34
mp-730,126,127,15,15,15,15,15,15,15,15,78,78,78,78
mp-7323,126,127,37,4,4,5,8,8,8,9,9
mp-743,126,127,37,37,7,7,7,7,7,7
mp-7446,126,127,37,37,37,37,16,16,16,16,16,16
mp-7447,126,127,37,37,37,37,34,34,34,34,34,34
mp-7457,126,127,50,50,50,50,9,9,9,9,9,9,9,9
mp-7467,126,127,37,37,29,29,8,8,8,8
mp-7469,126,127,11,11,11,11,29,29,29,29,8,8,8,8
mp-7470,126,127,37,37,37,37,29,29,29,29,8,8,8,8
mp-7472,126,127,37,37,79,79,8,8,8,8
mp-7482,126,127,37,80,9,9,9
mp-752446,126,127,37,7,8,8,8
mp-752580,126,127,37,37,37,7,7,7,8,8,8,8,8,8
mp-752658,126,127,39,39,34,8,8
mp-752676,126,127,22,22,83,83,83,83,8,8,8,8,8,8,8,8,8,8
mp-753401,126,127,21,21,21,21,22,22,8,8,8,8,8,8,8,8,8,8
mp-753671,126,127,15,15,7,7,8,8
mp-753747,126,127,73,73,73,8,8,8,8,8,8,8,9
mp-753802,126,127,21,21,22,22,8,8,8,8,8,8,8
mp-754117,126,127,39,39,1,1,8,8,8,8
mp-754118,126,127,38,33,33,8,8,8,8,8,8
mp-754326,126,127,11,47,8,8
mp-754368,126,127,11,11,51,51,8,8,8,8
mp-754517,126,127,38,20,20,53,53,53,53,53,53
mp-754596,126,127,37,37,31,31,8,8,8,8
mp-754710,126,127,38,38,20,53,53,53,53,53,53
mp-755293,126,127,38,38,38,38,51,51,8
mp-755586,126,127,11,11,57,57,8,8,8,8
mp-755756,126,127,39,39,52,8,8
mp-7596,126,127,41,41,41,41,7,7,7,7,8,8,8,8
mp-760400,126,127,11,11,11,11,11,83,8,8,8,8,8
mp-760417,126,127,37,37,37,37,53,53,8
mp-7631,126,127,14,14,14,14,14,14,6,6,6,6,6,6
mp-7639,126,127,11,11,11,11,29,29,15,15
mp-7650,126,127,37,37,21,21,8,8,8,8
mp-7684,126,127,81,81,81,33,34,34,34
mp-7752,126,127,38,38,38,51,7
mp-7770,126,127,38,30,30,33,33
mp-7774,126,127,11,11,11,11,51,51,79,79
mp-7863,126,127,37,37,50,50,8,8,8
mp-7895,126,127,37,37,8,8
mp-7914,126,127,11,21,8,8
mp-7929,126,127,37,37,78,16,16
mp-7931,126,127,38,38,38,38,38,38,15,15,15,15,15,15
mp-7937,126,127,11,11,41,41,16,16,16,16
mp-7939,126,127,11,11,41,41,34,34,34,34
mp-7956,126,127,11,11,11,11,11,11,51,51
mp-7972,126,127,37,57,8,8
mp-8000,126,127,38,50,5,5,8,8,8,8,8,8
mp-8041,126,127,37,37,16
mp-8042,126,127,40,40,32,32,8,8,8,8,8,8,8,8
mp-8058,126,127,39,39,33,33,8,8,8,8,8,8,8,8
mp-8062,126,127,14,6
mp-8145,126,127,37,21,8,8
mp-8176,126,127,37,81,8,8
mp-8192,126,127,37,37,78,9,9,9,9,9,9
mp-8207,126,127,30,78,78,78,8,8,8,8,8,8
mp-8248,126,127,37,37,37,37,52,52,8,8,8,8,8,8
mp-8256,126,127,30,78,9,9,9,9,9,9
mp-961706,126,127,22,14,78
mp-961711,126,127,40,14,78
mp-961713,126,127,40,50,78
mp-972937,126,127,21,21,13,13,6,6,8,8
mp-973185,126,127,21,47,8,8
mp-974381,126,127,45,45,45,45,16,16,16,16,16,16
mp-978846,126,127,50,50,53,53,53,53
mp-978847,126,127,38,31,32,1
mp-978852,126,127,38,31,50,1
mp-979137,126,127,38,31,14,1
mp-980057,126,127,38,13,32,1
mp-981,126,127,38,9,9
mp-9812,126,127,30,30,6,6,8,8,8,8,8,8
mp-989407,126,127,39,39,74,74,7,7,7,7,7,7
mp-989513,126,127,38,38,74,74,7,7,7,7,7,7
mp-989625,126,127,38,38,74,74,7,7,7,7,7,7
mp-991652,126,127,23,29,29,29,52,52,52,52
mp-997086,126,127,38,38,47,47,8,8,8,8
mp-999549,126,127,74,7,7
mp-8276,126,127,38,30,30,15,15
mp-8277,126,127,38,48,48,15,15
mp-8289,126,127,50,50,9,9,9,9,9,9
mp-8298,126,127,38,38,38,38,15,15,8
mp-8299,126,127,38,38,38,38,33,33,8
mp-8311,126,127,14,14,14,28,15,15,15,15
mp-8377,126,127,52,52,52,52,8,8,8,8,8,8,8,8
mp-8402,126,127,37,12,9,9,9
mp-856,126,127,50,50,8,8,8,8
mp-8622,126,127,37,37,78,34,34
mp-8630,126,127,51,51,51,51,77,77,77,77,16,16,16,16
mp-866141,126,127,22,26,26,14
mp-867169,126,127,38,38,50,80
mp-867193,126,127,38,38,83,79
mp-867219,126,127,38,38,38,38,31,31,32,32,7,7
mp-8697,126,127,21,21,5,5,8,8,8,8,8,8
mp-8751,126,127,37,37,3,3,16,16
mp-8799,126,127,37,37,11,11,16,16
mp-8861,126,127,37,37,12,9,9,9,9
mp-8884,126,127,30,30,52,52
mp-8931,126,127,37,37,37,37,50,50,33,33,33,33
mp-8962,126,127,37,37,80,9,9,9,9
mp-8979,126,127,73,73,49,49,8,8,8,8,8,8,8,8
mp-9008,126,127,37,37,52,52,79,79
mp-9010,126,127,37,37,79,79,16,16
mp-9062,126,127,37,37,37,37,37,37,16,16,16,16,16,16
mp-9063,126,127,37,37,37,37,37,37,34,34,34,34,34,34
mp-9064,126,127,37,37,37,37,37,37,52,52,52,52,52,52
mp-9126,126,127,38,51,51,8,8,8,8,8,8
mp-924129,126,127,40,28,50
mp-924130,126,127,22,28,50
mp-9250,126,127,37,37,3,3,34,34
mp-9270,126,127,51,51,51,51,77,77,77,77,16,16,16,16
mp-9274,126,127,37,37,37,51,51,79,79,79
mp-9295,126,127,73,29,29,29,52,52,52,52
mp-9306,126,127,38,38,30,7,7
mp-9361,126,127,37,57,16,16
mp-9382,126,127,38,40,7,7
mp-9383,126,127,38,72,7,7
mp-9385,126,127,37,79,79,79,34,34
mp-9517,126,127,38,38,22,22,7,7,7,7
mp-9566,126,127,38,12,12,51,51
mp-961646,126,127,22,52,76
mp-961649,126,127,40,26,52
mp-961657,126,127,39,28,15
mp-961659,126,127,22,14,46
mp-961660,126,127,22,26,34
mp-961661,126,127,40,14,46
mp-961673,126,127,22,26,52
mp-961675,126,127,21,28,15
mp-961678,126,127,21,27,52
mp-961682,126,127,22,50,46
mp-961687,126,127,40,50,46
mp-961693,126,127,40,49,79
mp-22903,126,127,37,53
mp-22909,126,127,30,30,17,17,17,17
mp-22916,126,127,11,35
mp-22937,126,127,11,11,11,11,53,53,8
mp-22957,126,127,38,38,17,17,9,9
mp-22975,126,127,37,37,52,17,17,17,17,17,17
mp-22984,126,127,11,11,83,83,8,8,8,8
mp-23024,126,127,38,38,35,35,9,9
mp-23033,126,127,38,38,7,17
mp-23054,126,127,11,11,83,83,8,8,8,8,8,8
mp-23056,126,127,38,38,35,7
mp-23059,126,127,37,37,50,17,17,17,17,17,17
mp-23167,126,127,81,17
mp-2319,126,127,15,15,15,15,76,76
mp-23197,126,127,81,53
mp-23209,126,127,38,17,17
mp-23268,126,127,11,53
mp-23295,126,127,37,17
mp-23299,126,127,37,17
mp-23302,126,127,37,53
mp-23303,126,127,37,35
mp-23350,126,127,37,37,78,17,17,17,17,17,17
mp-2340,126,127,11,11,11,11,11,11,8,8,8,8,8,8
mp-23475,126,127,37,37,82,17,17,17,17,17,17
mp-2352,126,127,11,11,8
mp-23710,126,127,12,12,1,1,1,1
mp-23804,126,127,12,12,26,1,1,1,1,1,1
mp-23860,126,127,38,38,1,1,17,17
mp-23870,126,127,11,1
mp-23949,126,127,37,20,1,1,1
mp-2400,126,127,11,11,11,11,16,16,16,16
mp-24007,126,127,37,37,37,37,1,1,35,35,8,8
mp-24066,126,127,38,38,1,1,17,17,8,8
mp-24292,126,127,38,38,1,1,1,1,1,1,44
mp-24423,126,127,38,38,1,1,35,35
mp-2472,126,127,38,8
mp-24721,126,127,37,1
mp-2488,126,127,14,14,14,14,76,76,76,76
mp-25305,126,127,39,39,22,22,16,16,8,8,8,8,8
mp-2552,126,127,52,52,8,8,8,8,8,8
mp-2574,126,127,40,40,8,8,8,8
mp-2576,126,127,38,38,38,38,38,38,38,38,32,32,32,32
mp-2646,126,127,12,12,12,51,51
mp-2657,126,127,22,22,22,22,8,8,8,8,8,8,8,8
mp-2659,126,127,3,7,7,7
mp-267,126,127,52,52,52,52,44,44
mp-2693,126,127,50,34
mp-2695,126,127,51,51,51,51,76,76
mp-2697,126,127,38,8,8
mp-27193,126,127,37,53,8,8,8
mp-27300,126,127,37,37,79,79,35,35,35,35,35,35
mp-27303,126,127,11,11,47,47,47,47,47,47,8,8,8,8
mp-27369,126,127,37,37,32,32,17,17,17,17,17,17
mp-27420,126,127,11,83,9,9,9,9,9,9
mp-27421,126,127,37,83,9,9,9,9,9,9
mp-27562,126,127,11,11,46,46,46,8,8,8,8
mp-2758,126,127,38,34
mp-27678,126,127,39,39,39,39,17,17,17,17,17,17
mp-27791,126,127,38,38,4,4,4,4,4,4,8,8,8,8,8,8,8,8
mp-27827,126,127,37,37,22,17,17,17,17,17,17
mp-27829,126,127,37,37,34,17,17,17,17,17,17
mp-27831,126,127,37,37,40,17,17,17,17,17,17
mp-2784,126,127,11,11,52
